gamelog_url,player,season,reason
https://www.basketball-reference.com/players/p/pickeja01/gamelog/2024,Jalen Pickett,2024,No gamelog table found (pgl_basic / player_game_log_reg)
https://www.basketball-reference.com/players/g/greenjo01/gamelog/2026,Josh Green,2026,No gamelog table found (pgl_basic / player_game_log_reg)
https://www.basketball-reference.com/players/t/thomaca01/gamelog/2024,Cam Thomas,2024,No gamelog table found (pgl_basic / player_game_log_reg)
https://www.basketball-reference.com/players/c/coopesh01/gamelog/2023,Sharife Cooper,2023,No gamelog table found (pgl_basic / player_game_log_reg)
https://www.basketball-reference.com/players/s/smithty01/gamelog/2025,Tyler Smith,2025,No gamelog table found (pgl_basic / player_game_log_reg)
https://www.basketball-reference.com/players/h/harpero01/gamelog/2025,Ron Harper Jr.,2025,No gamelog table found (pgl_basic / player_game_log_reg)
https://www.basketball-reference.com/players/m/martica01/gamelog/2023,Caleb Martin,2023,No gamelog table found (pgl_basic / player_game_log_reg)
https://www.basketball-reference.com/players/h/hardyja01/gamelog/2024,Jaden Hardy,2024,No gamelog table found (pgl_basic / player_game_log_reg)
https://www.basketball-reference.com/players/s/smithja01/gamelog/2023,Jalen Smith,2023,No gamelog table found (pgl_basic / player_game_log_reg)
https://www.basketball-reference.com/players/p/paytoga01/gamelog/2023,Gary Payton II,2023,No gamelog table found (pgl_basic / player_game_log_reg)
https://www.basketball-reference.com/players/w/willija01/gamelog/2023,Jaylin Williams,2023,No gamelog table found (pgl_basic / player_game_log_reg)
https://www.basketball-reference.com/players/j/jokini01/gamelog/2025,Nikola Jokić,2025,No gamelog table found (pgl_basic / player_game_log_reg)
https://www.basketball-reference.com/players/d/donilu01/gamelog/2025,Luka Dončić,2025,No gamelog table found (pgl_basic / player_game_log_reg)
https://www.basketball-reference.com/players/p/princta01/gamelog/2023,Taurean Prince,2023,No gamelog table found (pgl_basic / player_game_log_reg)
https://www.basketball-reference.com/players/w/willial01/gamelog/2026,Alondes Williams,2026,No gamelog table found (pgl_basic / player_game_log_reg)
https://www.basketball-reference.com/players/h/harpero01/gamelog/2024,Ron Harper Jr.,2024,No gamelog table found (pgl_basic / player_game_log_reg)
https://www.basketball-reference.com/players/j/jovini01/gamelog/2025,Nikola Jović,2025,No gamelog table found (pgl_basic / player_game_log_reg)
https://www.basketball-reference.com/players/g/greenja01/gamelog/2024,Jalen Green,2024,No gamelog table found (pgl_basic / player_game_log_reg)
https://www.basketball-reference.com/players/w/willike01/gamelog/2025,Kenrich Williams,2025,No gamelog table found (pgl_basic / player_game_log_reg)
https://www.basketball-reference.com/players/b/brownja01/gamelog/2025,Jaylen Brown,2025,No gamelog table found (pgl_basic / player_game_log_reg)
https://www.basketball-reference.com/players/w/willija01/gamelog/2025,Jalen Williams,2025,No gamelog table found (pgl_basic / player_game_log_reg)
https://www.basketball-reference.com/players/j/jarrede01/gamelog/2025,DeJon Jarreau,2025,No gamelog table found (pgl_basic / player_game_log_reg)
https://www.basketball-reference.com/players/g/gonzlhu01/gamelog/2026,Hugo González,2026,No gamelog table found (pgl_basic / player_game_log_reg)
https://www.basketball-reference.com/players/h/hardyja01/gamelog/2023,Jaden Hardy,2023,No gamelog table found (pgl_basic / player_game_log_reg)
https://www.basketball-reference.com/players/s/smithja01/gamelog/2025,Jalen Smith,2025,No gamelog table found (pgl_basic / player_game_log_reg)
https://www.basketball-reference.com/players/k/kellymi01/gamelog/2026,Miles Kelly,2026,No gamelog table found (pgl_basic / player_game_log_reg)
https://www.basketball-reference.com/players/a/antetth01/gamelog/2025,Thanasis Antetokounmpo,2025,No gamelog table found (pgl_basic / player_game_log_reg)
https://www.basketball-reference.com/players/c/cartede01/gamelog/2025,Devin Carter,2025,No gamelog table found (pgl_basic / player_game_log_reg)
https://www.basketball-reference.com/players/w/willija01/gamelog/2024,Jalen Williams,2024,No gamelog table found (pgl_basic / player_game_log_reg)
https://www.basketball-reference.com/players/c/chrisma01/gamelog/2025,Max Christie,2025,No gamelog table found (pgl_basic / player_game_log_reg)
https://www.basketball-reference.com/players/h/hardyja01/gamelog/2026,Jaden Hardy,2026,No gamelog table found (pgl_basic / player_game_log_reg)
https://www.basketball-reference.com/players/w/willibr01/gamelog/2024,Brandon Williams,2024,No gamelog table found (pgl_basic / player_game_log_reg)
https://www.basketball-reference.com/players/j/johnsca01/gamelog/2026,Cameron Johnson,2026,No gamelog table found (pgl_basic / player_game_log_reg)
https://www.basketball-reference.com/players/t/trentga01/gamelog/2026,Gary Trent Jr.,2026,No gamelog table found (pgl_basic / player_game_log_reg)
https://www.basketball-reference.com/players/e/engnal01/gamelog/2023,Alperen Şengün,2023,No gamelog table found (pgl_basic / player_game_log_reg)
https://www.basketball-reference.com/players/j/johnske01/gamelog/2026,Keshad Johnson,2026,No gamelog table found (pgl_basic / player_game_log_reg)
https://www.basketball-reference.com/players/h/hardati01/gamelog/2023,Tim Hardaway Jr.,2023,No gamelog table found (pgl_basic / player_game_log_reg)
https://www.basketball-reference.com/players/s/salanti01/gamelog/2025,Tidjane Salaün,2025,No gamelog table found (pgl_basic / player_game_log_reg)
https://www.basketball-reference.com/players/j/jackstr01/gamelog/2025,Trayce Jackson-Davis,2025,No gamelog table found (pgl_basic / player_game_log_reg)
https://www.basketball-reference.com/players/w/willico01/gamelog/2026,Cody Williams,2026,No gamelog table found (pgl_basic / player_game_log_reg)
https://www.basketball-reference.com/players/d/dantenf01/gamelog/2026,N'Faly Dante,2026,No gamelog table found (pgl_basic / player_game_log_reg)
https://www.basketball-reference.com/players/n/nancela01/gamelog/2026,Larry Nance Jr.,2026,No gamelog table found (pgl_basic / player_game_log_reg)
https://www.basketball-reference.com/players/p/paytoga01/gamelog/2025,Gary Payton II,2025,No gamelog table found (pgl_basic / player_game_log_reg)
https://www.basketball-reference.com/players/c/capelcl01/gamelog/2025,Clint Capela,2025,No gamelog table found (pgl_basic / player_game_log_reg)
https://www.basketball-reference.com/players/g/greenjo01/gamelog/2024,Josh Green,2024,No gamelog table found (pgl_basic / player_game_log_reg)
https://www.basketball-reference.com/players/a/arida01/gamelog/2024,Dario Šarić,2024,No gamelog table found (pgl_basic / player_game_log_reg)
https://www.basketball-reference.com/players/p/paytoga01/gamelog/2024,Gary Payton II,2024,No gamelog table found (pgl_basic / player_game_log_reg)
https://www.basketball-reference.com/players/w/washity01/gamelog/2024,TyTy Washington Jr.,2024,No gamelog table found (pgl_basic / player_game_log_reg)
https://www.basketball-reference.com/players/p/pickeja01/gamelog/2026,Jalen Pickett,2026,No gamelog table found (pgl_basic / player_game_log_reg)
https://www.basketball-reference.com/players/w/willima01/gamelog/2026,Mark Williams,2026,No gamelog table found (pgl_basic / player_game_log_reg)
https://www.basketball-reference.com/players/w/willina01/gamelog/2023,Nate Williams,2023,No gamelog table found (pgl_basic / player_game_log_reg)
https://www.basketball-reference.com/players/p/porteke01/gamelog/2025,Kevin Porter Jr.,2025,No gamelog table found (pgl_basic / player_game_log_reg)
https://www.basketball-reference.com/players/w/wilsoja01/gamelog/2026,Jalen Wilson,2026,No gamelog table found (pgl_basic / player_game_log_reg)
https://www.basketball-reference.com/players/e/engnal01/gamelog/2024,Alperen Şengün,2024,No gamelog table found (pgl_basic / player_game_log_reg)
https://www.basketball-reference.com/players/s/smithty01/gamelog/2026,Tyler Smith,2026,No gamelog table found (pgl_basic / player_game_log_reg)
https://www.basketball-reference.com/players/j/jacksja01/gamelog/2025,Jaren Jackson Jr.,2025,No gamelog table found (pgl_basic / player_game_log_reg)
https://www.basketball-reference.com/players/g/greenja01/gamelog/2026,Javonte Green,2026,No gamelog table found (pgl_basic / player_game_log_reg)
https://www.basketball-reference.com/players/j/johnsch01/gamelog/2026,Chaney Johnson,2026,No gamelog table found (pgl_basic / player_game_log_reg)
https://www.basketball-reference.com/players/g/gueyemo01/gamelog/2025,Mouhamadou Gueye,2025,No gamelog table found (pgl_basic / player_game_log_reg)
https://www.basketball-reference.com/players/m/murrake01/gamelog/2024,Keegan Murray,2024,No gamelog table found (pgl_basic / player_game_log_reg)
https://www.basketball-reference.com/players/p/pippesc01/gamelog/2026,Scotty Pippen Jr.,2026,No gamelog table found (pgl_basic / player_game_log_reg)
https://www.basketball-reference.com/players/d/davisan01/gamelog/2025,Anthony Davis,2025,No gamelog table found (pgl_basic / player_game_log_reg)
https://www.basketball-reference.com/players/m/murrake01/gamelog/2025,Keegan Murray,2025,No gamelog table found (pgl_basic / player_game_log_reg)
https://www.basketball-reference.com/players/h/harpero01/gamelog/2023,Ron Harper Jr.,2023,No gamelog table found (pgl_basic / player_game_log_reg)
https://www.basketball-reference.com/players/w/willija01/gamelog/2026,Jalen Williams,2026,No gamelog table found (pgl_basic / player_game_log_reg)
https://www.basketball-reference.com/players/w/willija01/gamelog/2025,Jaylin Williams,2025,No gamelog table found (pgl_basic / player_game_log_reg)
https://www.basketball-reference.com/players/g/gueyemo01/gamelog/2025,Mouhamed Gueye,2025,No gamelog table found (pgl_basic / player_game_log_reg)
https://www.basketball-reference.com/players/m/murphtr01/gamelog/2024,Trey Murphy III,2024,No gamelog table found (pgl_basic / player_game_log_reg)
https://www.basketball-reference.com/players/w/willike01/gamelog/2024,Kenrich Williams,2024,No gamelog table found (pgl_basic / player_game_log_reg)
https://www.basketball-reference.com/players/b/barneha01/gamelog/2025,Harrison Barnes,2025,No gamelog table found (pgl_basic / player_game_log_reg)
https://www.basketball-reference.com/players/y/yabusgu01/gamelog/2023,Guerschon Yabusele,2023,No gamelog table found (pgl_basic / player_game_log_reg)
https://www.basketball-reference.com/players/h/harpero01/gamelog/2026,Ron Harper Jr.,2026,No gamelog table found (pgl_basic / player_game_log_reg)
https://www.basketball-reference.com/players/y/yurtsom01/gamelog/2025,Omer Yurtseven,2025,No gamelog table found (pgl_basic / player_game_log_reg)
https://www.basketball-reference.com/players/d/dmineg01/gamelog/2026,Egor Dёmin,2026,No gamelog table found (pgl_basic / player_game_log_reg)
https://www.basketball-reference.com/players/s/salanti01/gamelog/2026,Tidjane Salaün,2026,No gamelog table found (pgl_basic / player_game_log_reg)
https://www.basketball-reference.com/players/w/willial01/gamelog/2024,Alondes Williams,2024,No gamelog table found (pgl_basic / player_game_log_reg)
https://www.basketball-reference.com/players/w/willima01/gamelog/2025,Mark Williams,2025,No gamelog table found (pgl_basic / player_game_log_reg)
https://www.basketball-reference.com/players/g/greenjo01/gamelog/2025,Josh Green,2025,No gamelog table found (pgl_basic / player_game_log_reg)
https://www.basketball-reference.com/players/w/willico01/gamelog/2025,Cody Williams,2025,No gamelog table found (pgl_basic / player_game_log_reg)
https://www.basketball-reference.com/players/m/murrake01/gamelog/2023,Keegan Murray,2023,No gamelog table found (pgl_basic / player_game_log_reg)
https://www.basketball-reference.com/players/j/johnstr01/gamelog/2026,Tre Johnson,2026,No gamelog table found (pgl_basic / player_game_log_reg)
https://www.basketball-reference.com/players/k/krejvt01/gamelog/2026,Vít Krejčí,2026,No gamelog table found (pgl_basic / player_game_log_reg)
https://www.basketball-reference.com/players/c/chrisca01/gamelog/2026,Cam Christie,2026,No gamelog table found (pgl_basic / player_game_log_reg)
https://www.basketball-reference.com/players/g/greenja01/gamelog/2025,Javonte Green,2025,No gamelog table found (pgl_basic / player_game_log_reg)
https://www.basketball-reference.com/players/j/johnske01/gamelog/2026,Keldon Johnson,2026,No gamelog table found (pgl_basic / player_game_log_reg)
https://www.basketball-reference.com/players/m/martica01/gamelog/2024,Caleb Martin,2024,No gamelog table found (pgl_basic / player_game_log_reg)
https://www.basketball-reference.com/players/h/hayesni01/gamelog/2025,Nigel Hayes-Davis,2025,No gamelog table found (pgl_basic / player_game_log_reg)
https://www.basketball-reference.com/players/b/brownja01/gamelog/2023,Jaylen Brown,2023,No gamelog table found (pgl_basic / player_game_log_reg)
https://www.basketball-reference.com/players/k/krejvt01/gamelog/2024,Vít Krejčí,2024,No gamelog table found (pgl_basic / player_game_log_reg)
https://www.basketball-reference.com/players/p/pippesc01/gamelog/2023,Scotty Pippen Jr.,2023,No gamelog table found (pgl_basic / player_game_log_reg)
https://www.basketball-reference.com/players/k/keelstr01/gamelog/2024,Trevor Keels,2024,No gamelog table found (pgl_basic / player_game_log_reg)
https://www.basketball-reference.com/players/h/harrito01/gamelog/2026,Tobias Harris,2026,No gamelog table found (pgl_basic / player_game_log_reg)
https://www.basketball-reference.com/players/w/willike01/gamelog/2026,Kenrich Williams,2026,No gamelog table found (pgl_basic / player_game_log_reg)
https://www.basketball-reference.com/players/c/chrisma01/gamelog/2023,Max Christie,2023,No gamelog table found (pgl_basic / player_game_log_reg)
https://www.basketball-reference.com/players/y/youngja01/gamelog/2026,Jahmir Young,2026,No gamelog table found (pgl_basic / player_game_log_reg)
https://www.basketball-reference.com/players/a/arida01/gamelog/2023,Dario Šarić,2023,No gamelog table found (pgl_basic / player_game_log_reg)
https://www.basketball-reference.com/players/k/klebema01/gamelog/2026,Maxi Kleber,2026,No gamelog table found (pgl_basic / player_game_log_reg)
https://www.basketball-reference.com/players/c/chrisca01/gamelog/2025,Cam Christie,2025,No gamelog table found (pgl_basic / player_game_log_reg)
https://www.basketball-reference.com/players/m/mcdanja01/gamelog/2026,Jaden McDaniels,2026,No gamelog table found (pgl_basic / player_game_log_reg)
https://www.basketball-reference.com/players/m/murphtr01/gamelog/2023,Trey Murphy III,2023,No gamelog table found (pgl_basic / player_game_log_reg)
https://www.basketball-reference.com/players/h/harklel01/gamelog/2025,Elijah Harkless,2025,No gamelog table found (pgl_basic / player_game_log_reg)
https://www.basketball-reference.com/players/c/coopesh01/gamelog/2025,Sharife Cooper,2025,No gamelog table found (pgl_basic / player_game_log_reg)
https://www.basketball-reference.com/players/m/millejo01/gamelog/2026,Jordan Miller,2026,No gamelog table found (pgl_basic / player_game_log_reg)
https://www.basketball-reference.com/players/j/johnske01/gamelog/2025,Keshad Johnson,2025,No gamelog table found (pgl_basic / player_game_log_reg)
https://www.basketball-reference.com/players/h/hanseya01/gamelog/2026,Yang Hansen,2026,No gamelog table found (pgl_basic / player_game_log_reg)
https://www.basketball-reference.com/players/d/dantenf01/gamelog/2025,N'Faly Dante,2025,No gamelog table found (pgl_basic / player_game_log_reg)
https://www.basketball-reference.com/players/c/clarkja01/gamelog/2026,Jaylen Clark,2026,No gamelog table found (pgl_basic / player_game_log_reg)
https://www.basketball-reference.com/players/w/willija01/gamelog/2026,Jaylin Williams,2026,No gamelog table found (pgl_basic / player_game_log_reg)
https://www.basketball-reference.com/players/b/brownja01/gamelog/2024,Jaylen Brown,2024,No gamelog table found (pgl_basic / player_game_log_reg)
https://www.basketball-reference.com/players/s/scotttr01/gamelog/2024,Tre Scott,2024,No gamelog table found (pgl_basic / player_game_log_reg)
https://www.basketball-reference.com/players/w/willina01/gamelog/2024,Nate Williams,2024,No gamelog table found (pgl_basic / player_game_log_reg)
https://www.basketball-reference.com/players/r/richawi01/gamelog/2026,Will Richard,2026,No gamelog table found (pgl_basic / player_game_log_reg)
https://www.basketball-reference.com/players/c/chandke01/gamelog/2024,Kennedy Chandler,2024,No gamelog table found (pgl_basic / player_game_log_reg)
https://www.basketball-reference.com/players/h/harrito01/gamelog/2024,Tobias Harris,2024,No gamelog table found (pgl_basic / player_game_log_reg)
https://www.basketball-reference.com/players/j/jarrede01/gamelog/2023,DeJon Jarreau,2023,No gamelog table found (pgl_basic / player_game_log_reg)
https://www.basketball-reference.com/players/k/krejvt01/gamelog/2023,Vít Krejčí,2023,No gamelog table found (pgl_basic / player_game_log_reg)
https://www.basketball-reference.com/players/s/sarrol01/gamelog/2025,Olivier Sarr,2025,No gamelog table found (pgl_basic / player_game_log_reg)
https://www.basketball-reference.com/players/s/smithja01/gamelog/2023,Jabari Smith Jr.,2023,No gamelog table found (pgl_basic / player_game_log_reg)
https://www.basketball-reference.com/players/m/murphtr01/gamelog/2025,Trey Murphy III,2025,No gamelog table found (pgl_basic / player_game_log_reg)
https://www.basketball-reference.com/players/j/jonesco01/gamelog/2025,Colby Jones,2025,No gamelog table found (pgl_basic / player_game_log_reg)
https://www.basketball-reference.com/players/b/bradlto01/gamelog/2024,Tony Bradley,2024,No gamelog table found (pgl_basic / player_game_log_reg)
https://www.basketball-reference.com/players/g/greenje01/gamelog/2024,Jeff Green,2024,No gamelog table found (pgl_basic / player_game_log_reg)
https://www.basketball-reference.com/players/w/willibr01/gamelog/2026,Brandon Williams,2026,No gamelog table found (pgl_basic / player_game_log_reg)
https://www.basketball-reference.com/players/r/robinje01/gamelog/2023,Jeremiah Robinson-Earl,2023,No gamelog table found (pgl_basic / player_game_log_reg)
https://www.basketball-reference.com/players/h/harklel01/gamelog/2026,Elijah Harkless,2026,No gamelog table found (pgl_basic / player_game_log_reg)
https://www.basketball-reference.com/players/w/willija01/gamelog/2024,Jaylin Williams,2024,No gamelog table found (pgl_basic / player_game_log_reg)
https://www.basketball-reference.com/players/j/jonesco01/gamelog/2026,Colby Jones,2026,No gamelog table found (pgl_basic / player_game_log_reg)
https://www.basketball-reference.com/players/j/johnske01/gamelog/2025,Keldon Johnson,2025,No gamelog table found (pgl_basic / player_game_log_reg)
https://www.basketball-reference.com/players/c/chrisma01/gamelog/2026,Max Christie,2026,No gamelog table found (pgl_basic / player_game_log_reg)
https://www.basketball-reference.com/players/g/greenja01/gamelog/2025,Jalen Green,2025,No gamelog table found (pgl_basic / player_game_log_reg)
https://www.basketball-reference.com/players/v/vuevini01/gamelog/2024,Nikola Vučević,2024,No gamelog table found (pgl_basic / player_game_log_reg)
https://www.basketball-reference.com/players/d/davisan01/gamelog/2026,Anthony Davis,2026,No gamelog table found (pgl_basic / player_game_log_reg)
https://www.basketball-reference.com/players/j/jonesde01/gamelog/2023,Derrick Jones Jr.,2023,No gamelog table found (pgl_basic / player_game_log_reg)
https://www.basketball-reference.com/players/p/porteke01/gamelog/2023,Kevin Porter Jr.,2023,No gamelog table found (pgl_basic / player_game_log_reg)
https://www.basketball-reference.com/players/m/millebr01/gamelog/2026,Brandon Miller,2026,No gamelog table found (pgl_basic / player_game_log_reg)
https://www.basketball-reference.com/players/j/jonesde01/gamelog/2024,Derrick Jones Jr.,2024,No gamelog table found (pgl_basic / player_game_log_reg)
https://www.basketball-reference.com/players/d/donilu01/gamelog/2026,Luka Dončić,2026,No gamelog table found (pgl_basic / player_game_log_reg)
https://www.basketball-reference.com/players/h/hardati01/gamelog/2026,Tim Hardaway Jr.,2026,No gamelog table found (pgl_basic / player_game_log_reg)
https://www.basketball-reference.com/players/s/schrdde01/gamelog/2026,Dennis Schröder,2026,No gamelog table found (pgl_basic / player_game_log_reg)
https://www.basketball-reference.com/players/j/jonesda01/gamelog/2026,David Jones García,2026,No gamelog table found (pgl_basic / player_game_log_reg)
https://www.basketball-reference.com/players/g/greenjo01/gamelog/2023,Josh Green,2023,No gamelog table found (pgl_basic / player_game_log_reg)
https://www.basketball-reference.com/players/t/trentga01/gamelog/2025,Gary Trent Jr.,2025,No gamelog table found (pgl_basic / player_game_log_reg)
https://www.basketball-reference.com/players/m/mccluma01/gamelog/2024,Mac McClung,2024,No gamelog table found (pgl_basic / player_game_log_reg)
https://www.basketball-reference.com/players/w/willibr01/gamelog/2025,Brandon Williams,2025,No gamelog table found (pgl_basic / player_game_log_reg)
https://www.basketball-reference.com/players/g/greenje01/gamelog/2025,Jeff Green,2025,No gamelog table found (pgl_basic / player_game_log_reg)
https://www.basketball-reference.com/players/b/brownja01/gamelog/2026,Jaylen Brown,2026,No gamelog table found (pgl_basic / player_game_log_reg)
https://www.basketball-reference.com/players/j/jokini01/gamelog/2023,Nikola Jokić,2023,No gamelog table found (pgl_basic / player_game_log_reg)
https://www.basketball-reference.com/players/m/martica01/gamelog/2025,Caleb Martin,2025,No gamelog table found (pgl_basic / player_game_log_reg)
https://www.basketball-reference.com/players/v/vuevini01/gamelog/2023,Nikola Vučević,2023,No gamelog table found (pgl_basic / player_game_log_reg)
https://www.basketball-reference.com/players/n/nancela01/gamelog/2024,Larry Nance Jr.,2024,No gamelog table found (pgl_basic / player_game_log_reg)
https://www.basketball-reference.com/players/v/vuevini01/gamelog/2025,Nikola Vučević,2025,No gamelog table found (pgl_basic / player_game_log_reg)
https://www.basketball-reference.com/players/l/labissk01/gamelog/2024,Skal Labissière,2024,No gamelog table found (pgl_basic / player_game_log_reg)
https://www.basketball-reference.com/players/w/wilsoja01/gamelog/2024,Jalen Wilson,2024,No gamelog table found (pgl_basic / player_game_log_reg)
https://www.basketball-reference.com/players/j/johnsja01/gamelog/2026,Jalen Johnson,2026,No gamelog table found (pgl_basic / player_game_log_reg)
https://www.basketball-reference.com/players/g/greenja01/gamelog/2026,Jalen Green,2026,No gamelog table found (pgl_basic / player_game_log_reg)
https://www.basketball-reference.com/players/b/barneha01/gamelog/2024,Harrison Barnes,2024,No gamelog table found (pgl_basic / player_game_log_reg)
https://www.basketball-reference.com/players/j/jokini01/gamelog/2024,Nikola Jokić,2024,No gamelog table found (pgl_basic / player_game_log_reg)
https://www.basketball-reference.com/players/h/hayesja01/gamelog/2023,Jaxson Hayes,2023,No gamelog table found (pgl_basic / player_game_log_reg)
https://www.basketball-reference.com/players/e/engnal01/gamelog/2026,Alperen Şengün,2026,No gamelog table found (pgl_basic / player_game_log_reg)
https://www.basketball-reference.com/players/h/hardati01/gamelog/2024,Tim Hardaway Jr.,2024,No gamelog table found (pgl_basic / player_game_log_reg)
https://www.basketball-reference.com/players/r/richaja01/gamelog/2026,Jase Richardson,2026,No gamelog table found (pgl_basic / player_game_log_reg)
https://www.basketball-reference.com/players/j/jovini01/gamelog/2023,Nikola Jović,2023,No gamelog table found (pgl_basic / player_game_log_reg)
https://www.basketball-reference.com/players/p/paytoga01/gamelog/2026,Gary Payton II,2026,No gamelog table found (pgl_basic / player_game_log_reg)
https://www.basketball-reference.com/players/p/porteke01/gamelog/2024,Kevin Porter Jr.,2024,No gamelog table found (pgl_basic / player_game_log_reg)
https://www.basketball-reference.com/players/t/trentga01/gamelog/2024,Gary Trent Jr.,2024,No gamelog table found (pgl_basic / player_game_log_reg)
https://www.basketball-reference.com/players/j/johnsca01/gamelog/2024,Cameron Johnson,2024,No gamelog table found (pgl_basic / player_game_log_reg)
https://www.basketball-reference.com/players/b/barneha01/gamelog/2023,Harrison Barnes,2023,No gamelog table found (pgl_basic / player_game_log_reg)
https://www.basketball-reference.com/players/c/capelcl01/gamelog/2026,Clint Capela,2026,No gamelog table found (pgl_basic / player_game_log_reg)
https://www.basketball-reference.com/players/n/nelsogr01/gamelog/2026,Grant Nelson,2026,No gamelog table found (pgl_basic / player_game_log_reg)
https://www.basketball-reference.com/players/w/wilsoja01/gamelog/2025,Jalen Wilson,2025,No gamelog table found (pgl_basic / player_game_log_reg)
https://www.basketball-reference.com/players/t/thomaca01/gamelog/2025,Cam Thomas,2025,No gamelog table found (pgl_basic / player_game_log_reg)
https://www.basketball-reference.com/players/j/jamesbr01/gamelog/2025,Bronny James,2025,No gamelog table found (pgl_basic / player_game_log_reg)
https://www.basketball-reference.com/players/m/maonch01/gamelog/2026,Chris Mañon,2026,No gamelog table found (pgl_basic / player_game_log_reg)
https://www.basketball-reference.com/players/s/smithja01/gamelog/2026,Jabari Smith Jr.,2026,No gamelog table found (pgl_basic / player_game_log_reg)
https://www.basketball-reference.com/players/e/engnal01/gamelog/2025,Alperen Şengün,2025,No gamelog table found (pgl_basic / player_game_log_reg)
https://www.basketball-reference.com/players/d/davisan01/gamelog/2024,Anthony Davis,2024,No gamelog table found (pgl_basic / player_game_log_reg)
https://www.basketball-reference.com/players/w/willima01/gamelog/2023,Mark Williams,2023,No gamelog table found (pgl_basic / player_game_log_reg)
https://www.basketball-reference.com/players/c/cartede01/gamelog/2026,Devin Carter,2026,No gamelog table found (pgl_basic / player_game_log_reg)
https://www.basketball-reference.com/players/t/topini01/gamelog/2026,Nikola Topić,2026,No gamelog table found (pgl_basic / player_game_log_reg)
https://www.basketball-reference.com/players/w/washity01/gamelog/2023,TyTy Washington Jr.,2023,No gamelog table found (pgl_basic / player_game_log_reg)
https://www.basketball-reference.com/players/d/davisan01/gamelog/2023,Anthony Davis,2023,No gamelog table found (pgl_basic / player_game_log_reg)
https://www.basketball-reference.com/players/j/jokini01/gamelog/2026,Nikola Jokić,2026,No gamelog table found (pgl_basic / player_game_log_reg)
https://www.basketball-reference.com/players/f/flaggco01/gamelog/2026,Cooper Flagg,2026,"Page.goto: Timeout 30000ms exceeded.
Call log:
  - navigating to ""https://www.basketball-reference.com/players/f/flaggco01/gamelog/2026"", waiting until ""domcontentloaded""
"
https://www.basketball-reference.com/players/h/hayesni01/gamelog/2023,Nigel Hayes-Davis,2023,No gamelog table found (pgl_basic / player_game_log_reg)
https://www.basketball-reference.com/players/w/willike01/gamelog/2023,Kenrich Williams,2023,No gamelog table found (pgl_basic / player_game_log_reg)
https://www.basketball-reference.com/players/p/pippesc01/gamelog/2025,Scotty Pippen Jr.,2025,No gamelog table found (pgl_basic / player_game_log_reg)
https://www.basketball-reference.com/players/w/williro01/gamelog/2026,Robert Williams,2026,No gamelog table found (pgl_basic / player_game_log_reg)
https://www.basketball-reference.com/players/l/liveris01/gamelog/2025,Isaiah Livers,2025,No gamelog table found (pgl_basic / player_game_log_reg)
https://www.basketball-reference.com/players/j/jacksja01/gamelog/2023,Jaren Jackson Jr.,2023,No gamelog table found (pgl_basic / player_game_log_reg)
https://www.basketball-reference.com/players/n/nancela01/gamelog/2023,Larry Nance Jr.,2023,No gamelog table found (pgl_basic / player_game_log_reg)
https://www.basketball-reference.com/players/b/barneha01/gamelog/2026,Harrison Barnes,2026,No gamelog table found (pgl_basic / player_game_log_reg)
https://www.basketball-reference.com/players/p/princta01/gamelog/2026,Taurean Prince,2026,No gamelog table found (pgl_basic / player_game_log_reg)
https://www.basketball-reference.com/players/j/jovini01/gamelog/2026,Nikola Jović,2026,No gamelog table found (pgl_basic / player_game_log_reg)
https://www.basketball-reference.com/players/p/pickeja01/gamelog/2025,Jalen Pickett,2025,No gamelog table found (pgl_basic / player_game_log_reg)
https://www.basketball-reference.com/players/v/vuevini01/gamelog/2026,Nikola Vučević,2026,No gamelog table found (pgl_basic / player_game_log_reg)
https://www.basketball-reference.com/players/w/willial01/gamelog/2023,Alondes Williams,2023,No gamelog table found (pgl_basic / player_game_log_reg)
https://www.basketball-reference.com/players/j/jackstr01/gamelog/2026,Trayce Jackson-Davis,2026,No gamelog table found (pgl_basic / player_game_log_reg)
https://www.basketball-reference.com/players/h/hardati01/gamelog/2025,Tim Hardaway Jr.,2025,No gamelog table found (pgl_basic / player_game_log_reg)
https://www.basketball-reference.com/players/w/willibr01/gamelog/2023,Brandon Williams,2023,No gamelog table found (pgl_basic / player_game_log_reg)
https://www.basketball-reference.com/players/j/jovini01/gamelog/2024,Nikola Jović,2024,No gamelog table found (pgl_basic / player_game_log_reg)
https://www.basketball-reference.com/players/r/robinje01/gamelog/2026,Jeremiah Robinson-Earl,2026,No gamelog table found (pgl_basic / player_game_log_reg)
https://www.basketball-reference.com/players/j/jacksja01/gamelog/2026,Jaren Jackson Jr.,2026,No gamelog table found (pgl_basic / player_game_log_reg)
https://www.basketball-reference.com/players/s/slawsja01/gamelog/2025,Jalen Slawson,2025,No gamelog table found (pgl_basic / player_game_log_reg)
https://www.basketball-reference.com/players/j/jakuika01/gamelog/2026,Kasparas Jakučionis,2026,No gamelog table found (pgl_basic / player_game_log_reg)
https://www.basketball-reference.com/players/t/trentga01/gamelog/2023,Gary Trent Jr.,2023,No gamelog table found (pgl_basic / player_game_log_reg)
https://www.basketball-reference.com/players/w/willina01/gamelog/2026,Nate Williams,2026,No gamelog table found (pgl_basic / player_game_log_reg)
https://www.basketball-reference.com/players/m/martity01/gamelog/2024,Tyrese Martin,2024,No gamelog table found (pgl_basic / player_game_log_reg)
https://www.basketball-reference.com/players/b/blackle01/gamelog/2025,Leaky Black,2025,No gamelog table found (pgl_basic / player_game_log_reg)
https://www.basketball-reference.com/players/g/greenje01/gamelog/2026,Jeff Green,2026,No gamelog table found (pgl_basic / player_game_log_reg)
https://www.basketball-reference.com/players/p/princta01/gamelog/2025,Taurean Prince,2025,No gamelog table found (pgl_basic / player_game_log_reg)
https://www.basketball-reference.com/players/w/williro01/gamelog/2024,Robert Williams,2024,No gamelog table found (pgl_basic / player_game_log_reg)
https://www.basketball-reference.com/players/m/millejo01/gamelog/2024,Jordan Miller,2024,No gamelog table found (pgl_basic / player_game_log_reg)
https://www.basketball-reference.com/players/w/williro01/gamelog/2025,Robert Williams,2025,No gamelog table found (pgl_basic / player_game_log_reg)
https://www.basketball-reference.com/players/j/jonesde01/gamelog/2026,Derrick Jones Jr.,2026,No gamelog table found (pgl_basic / player_game_log_reg)
https://www.basketball-reference.com/players/k/klebema01/gamelog/2023,Maxi Kleber,2023,No gamelog table found (pgl_basic / player_game_log_reg)
https://www.basketball-reference.com/players/m/martica01/gamelog/2026,Caleb Martin,2026,No gamelog table found (pgl_basic / player_game_log_reg)
https://www.basketball-reference.com/players/m/millebr01/gamelog/2025,Brandon Miller,2025,No gamelog table found (pgl_basic / player_game_log_reg)
https://www.basketball-reference.com/players/g/greenja01/gamelog/2024,Javonte Green,2024,No gamelog table found (pgl_basic / player_game_log_reg)
https://www.basketball-reference.com/players/h/hayesni01/gamelog/2024,Nigel Hayes-Davis,2024,No gamelog table found (pgl_basic / player_game_log_reg)
https://www.basketball-reference.com/players/k/krejvt01/gamelog/2025,Vít Krejčí,2025,No gamelog table found (pgl_basic / player_game_log_reg)
https://www.basketball-reference.com/players/d/donilu01/gamelog/2024,Luka Dončić,2024,No gamelog table found (pgl_basic / player_game_log_reg)
https://www.basketball-reference.com/players/l/labissk01/gamelog/2023,Skal Labissière,2023,No gamelog table found (pgl_basic / player_game_log_reg)
https://www.basketball-reference.com/players/j/jackstr01/gamelog/2024,Trayce Jackson-Davis,2024,No gamelog table found (pgl_basic / player_game_log_reg)
https://www.basketball-reference.com/players/c/capelcl01/gamelog/2023,Clint Capela,2023,No gamelog table found (pgl_basic / player_game_log_reg)
https://www.basketball-reference.com/players/h/harrito01/gamelog/2023,Tobias Harris,2023,No gamelog table found (pgl_basic / player_game_log_reg)
https://www.basketball-reference.com/players/w/williro01/gamelog/2023,Robert Williams,2023,No gamelog table found (pgl_basic / player_game_log_reg)
https://www.basketball-reference.com/players/s/smithto01/gamelog/2026,Tolu Smith,2026,No gamelog table found (pgl_basic / player_game_log_reg)
https://www.basketball-reference.com/players/t/thomaca01/gamelog/2023,Cam Thomas,2023,No gamelog table found (pgl_basic / player_game_log_reg)
https://www.basketball-reference.com/players/y/youngja01/gamelog/2025,Jahmir Young,2025,No gamelog table found (pgl_basic / player_game_log_reg)
https://www.basketball-reference.com/players/b/boehebu01/gamelog/2025,Buddy Boeheim,2025,No gamelog table found (pgl_basic / player_game_log_reg)
https://www.basketball-reference.com/players/c/chandke01/gamelog/2025,Kennedy Chandler,2025,No gamelog table found (pgl_basic / player_game_log_reg)
https://www.basketball-reference.com/players/j/johnsca01/gamelog/2025,Cameron Johnson,2025,No gamelog table found (pgl_basic / player_game_log_reg)
https://www.basketball-reference.com/players/w/willina01/gamelog/2025,Nate Williams,2025,No gamelog table found (pgl_basic / player_game_log_reg)
https://www.basketball-reference.com/players/a/alvarjo01/gamelog/2026,Jose Alvarado,2026,"Page.goto: net::ERR_NETWORK_IO_SUSPENDED at https://www.basketball-reference.com/players/a/alvarjo01/gamelog/2026
Call log:
  - navigating to ""https://www.basketball-reference.com/players/a/alvarjo01/gamelog/2026"", waiting until ""domcontentloaded""
"
https://www.basketball-reference.com/players/t/thomaca01/gamelog/2026,Cam Thomas,2026,No gamelog table found (pgl_basic / player_game_log_reg)
https://www.basketball-reference.com/players/n/nancela01/gamelog/2025,Larry Nance Jr.,2025,No gamelog table found (pgl_basic / player_game_log_reg)
https://www.basketball-reference.com/players/s/scotttr01/gamelog/2025,Tre Scott,2025,No gamelog table found (pgl_basic / player_game_log_reg)
https://www.basketball-reference.com/players/s/smithto01/gamelog/2025,Tolu Smith,2025,No gamelog table found (pgl_basic / player_game_log_reg)
https://www.basketball-reference.com/players/j/jonesde01/gamelog/2025,Derrick Jones Jr.,2025,No gamelog table found (pgl_basic / player_game_log_reg)
https://www.basketball-reference.com/players/w/washity01/gamelog/2026,TyTy Washington Jr.,2026,No gamelog table found (pgl_basic / player_game_log_reg)
https://www.basketball-reference.com/players/k/klebema01/gamelog/2024,Maxi Kleber,2024,No gamelog table found (pgl_basic / player_game_log_reg)
https://www.basketball-reference.com/players/m/murphtr01/gamelog/2026,Trey Murphy III,2026,No gamelog table found (pgl_basic / player_game_log_reg)
https://www.basketball-reference.com/players/w/willima01/gamelog/2024,Mark Williams,2024,No gamelog table found (pgl_basic / player_game_log_reg)
https://www.basketball-reference.com/players/b/brownda01/gamelog/2026,Darius Brown II,2026,No gamelog table found (pgl_basic / player_game_log_reg)
https://www.basketball-reference.com/players/c/carribu01/gamelog/2026,Bub Carrington,2026,No gamelog table found (pgl_basic / player_game_log_reg)
https://www.basketball-reference.com/players/y/yabusgu01/gamelog/2024,Guerschon Yabusele,2024,No gamelog table found (pgl_basic / player_game_log_reg)
https://www.basketball-reference.com/players/w/willija01/gamelog/2023,Jalen Williams,2023,No gamelog table found (pgl_basic / player_game_log_reg)
https://www.basketball-reference.com/players/m/murrake01/gamelog/2026,Keegan Murray,2026,No gamelog table found (pgl_basic / player_game_log_reg)
https://www.basketball-reference.com/players/j/jacksja01/gamelog/2024,Jaren Jackson Jr.,2024,No gamelog table found (pgl_basic / player_game_log_reg)
https://www.basketball-reference.com/players/c/capelcl01/gamelog/2024,Clint Capela,2024,No gamelog table found (pgl_basic / player_game_log_reg)
https://www.basketball-reference.com/players/w/willial01/gamelog/2025,Alondes Williams,2025,No gamelog table found (pgl_basic / player_game_log_reg)
https://www.basketball-reference.com/players/s/schrdde01/gamelog/2024,Dennis Schröder,2024,No gamelog table found (pgl_basic / player_game_log_reg)
https://www.basketball-reference.com/players/s/schrdde01/gamelog/2023,Dennis Schröder,2023,No gamelog table found (pgl_basic / player_game_log_reg)
https://www.basketball-reference.com/players/a/arida01/gamelog/2026,Dario Šarić,2026,No gamelog table found (pgl_basic / player_game_log_reg)
https://www.basketball-reference.com/players/s/smithja01/gamelog/2025,Jabari Smith Jr.,2025,No gamelog table found (pgl_basic / player_game_log_reg)
https://www.basketball-reference.com/players/h/harrito01/gamelog/2025,Tobias Harris,2025,No gamelog table found (pgl_basic / player_game_log_reg)
https://www.basketball-reference.com/players/j/johnsca01/gamelog/2023,Cameron Johnson,2023,No gamelog table found (pgl_basic / player_game_log_reg)
https://www.basketball-reference.com/players/h/hayesja01/gamelog/2024,Jaxson Hayes,2024,No gamelog table found (pgl_basic / player_game_log_reg)
https://www.basketball-reference.com/players/g/greenje01/gamelog/2023,Jeff Green,2023,No gamelog table found (pgl_basic / player_game_log_reg)
https://www.basketball-reference.com/players/w/washity01/gamelog/2025,TyTy Washington Jr.,2025,No gamelog table found (pgl_basic / player_game_log_reg)
https://www.basketball-reference.com/players/p/porteke01/gamelog/2026,Kevin Porter Jr.,2026,No gamelog table found (pgl_basic / player_game_log_reg)
https://www.basketball-reference.com/players/s/smithja01/gamelog/2026,Jalen Smith,2026,No gamelog table found (pgl_basic / player_game_log_reg)
https://www.basketball-reference.com/players/h/hardyja01/gamelog/2025,Jaden Hardy,2025,No gamelog table found (pgl_basic / player_game_log_reg)
https://www.basketball-reference.com/players/j/johnske01/gamelog/2023,Keldon Johnson,2023,No gamelog table found (pgl_basic / player_game_log_reg)
https://www.basketball-reference.com/players/d/donilu01/gamelog/2023,Luka Dončić,2023,No gamelog table found (pgl_basic / player_game_log_reg)
https://www.basketball-reference.com/players/c/chrisma01/gamelog/2024,Max Christie,2024,No gamelog table found (pgl_basic / player_game_log_reg)
https://www.basketball-reference.com/players/h/hayesja01/gamelog/2026,Jaxson Hayes,2026,No gamelog table found (pgl_basic / player_game_log_reg)
https://www.basketball-reference.com/players/j/jamesbr01/gamelog/2026,Bronny James,2026,No gamelog table found (pgl_basic / player_game_log_reg)
https://www.basketball-reference.com/players/m/millebr01/gamelog/2024,Brandon Miller,2024,No gamelog table found (pgl_basic / player_game_log_reg)
https://www.basketball-reference.com/players/k/klebema01/gamelog/2025,Maxi Kleber,2025,No gamelog table found (pgl_basic / player_game_log_reg)
https://www.basketball-reference.com/players/c/clarkja01/gamelog/2025,Jaylen Clark,2025,No gamelog table found (pgl_basic / player_game_log_reg)
https://www.basketball-reference.com/players/s/smithma01/gamelog/2026,Malachi Smith,2026,No gamelog table found (pgl_basic / player_game_log_reg)
https://www.basketball-reference.com/players/j/jonesco01/gamelog/2024,Colby Jones,2024,No gamelog table found (pgl_basic / player_game_log_reg)
https://www.basketball-reference.com/players/s/scotttr01/gamelog/2023,Tre Scott,2023,No gamelog table found (pgl_basic / player_game_log_reg)
https://www.basketball-reference.com/players/s/schrdde01/gamelog/2025,Dennis Schröder,2025,No gamelog table found (pgl_basic / player_game_log_reg)
https://www.basketball-reference.com/players/s/smithja01/gamelog/2024,Jabari Smith Jr.,2024,No gamelog table found (pgl_basic / player_game_log_reg)
https://www.basketball-reference.com/players/r/robinje01/gamelog/2025,Jeremiah Robinson-Earl,2025,No gamelog table found (pgl_basic / player_game_log_reg)
https://www.basketball-reference.com/players/h/hayesja01/gamelog/2025,Jaxson Hayes,2025,No gamelog table found (pgl_basic / player_game_log_reg)
https://www.basketball-reference.com/players/j/joneska01/gamelog/2026,Kam Jones,2026,No gamelog table found (pgl_basic / player_game_log_reg)
https://www.basketball-reference.com/players/m/millejo01/gamelog/2025,Jordan Miller,2025,No gamelog table found (pgl_basic / player_game_log_reg)
https://www.basketball-reference.com/players/c/carribu01/gamelog/2025,Bub Carrington,2025,No gamelog table found (pgl_basic / player_game_log_reg)
https://www.basketball-reference.com/players/j/johnske01/gamelog/2024,Keldon Johnson,2024,No gamelog table found (pgl_basic / player_game_log_reg)
https://www.basketball-reference.com/players/a/arida01/gamelog/2025,Dario Šarić,2025,No gamelog table found (pgl_basic / player_game_log_reg)
https://www.basketball-reference.com/players/s/smithja01/gamelog/2024,Jalen Smith,2024,No gamelog table found (pgl_basic / player_game_log_reg)
https://www.basketball-reference.com/players/p/pippesc01/gamelog/2024,Scotty Pippen Jr.,2024,No gamelog table found (pgl_basic / player_game_log_reg)
https://www.basketball-reference.com/players/p/princta01/gamelog/2024,Taurean Prince,2024,No gamelog table found (pgl_basic / player_game_log_reg)
https://www.basketball-reference.com/players/k/keelstr01/gamelog/2025,Trevor Keels,2025,No gamelog table found (pgl_basic / player_game_log_reg)
